{"initial_reset_timestamp": 1575061814.473996, "timestamps": [1575061814.5381703, 1575061814.6148148, 1575061814.6942914, 1575061814.9237812, 1575061815.623939, 1575061815.9722185, 1575061816.2403917, 1575061816.5963018, 1575061816.9530537, 1575061817.2955756, 1575061817.7379735, 1575061818.0740118, 1575061818.5851085, 1575061819.011794, 1575061819.5304582, 1575061820.0702505, 1575061820.8386033, 1575061821.4576344, 1575061822.2621324, 1575061823.647066, 1575061829.3590655, 1575061832.6261985, 1575061833.6897318, 1575061834.67589, 1575061835.7789438, 1575061836.8278923, 1575061838.0107858, 1575061839.248013, 1575061840.9244998, 1575061842.051087, 1575061843.2777107, 1575061844.7614112, 1575061846.2323947, 1575061847.637422, 1575061849.584682, 1575061851.0943484, 1575061852.8290088, 1575061854.3968956, 1575061856.1687312, 1575061857.7904315, 1575061859.328512, 1575061860.915058, 1575061863.0729413, 1575061864.5252113, 1575061866.1229532, 1575061867.917169, 1575061870.5489604, 1575061872.0690114, 1575061873.8229754, 1575061875.4211912, 1575061878.6523736, 1575061880.4920673, 1575061882.2826946, 1575061883.5366764, 1575061885.185547, 1575061886.7945282, 1575061888.2369242, 1575061889.709711, 1575061891.7113492, 1575061893.7689102, 1575061895.3961344, 1575061898.0538304, 1575061899.689258, 1575061901.1376987, 1575061903.4700994, 1575061905.5941353, 1575061907.4288034, 1575061909.782859, 1575061912.3746207, 1575061915.0892005, 1575061916.6750062, 1575061918.237579, 1575061920.1828864, 1575061922.0550969, 1575061924.561783, 1575061925.9365025, 1575061927.3449173, 1575061928.8223293, 1575061930.3463428, 1575061931.8535018, 1575061933.212342, 1575061934.7246711, 1575061936.0774856, 1575061937.266407, 1575061938.6354077, 1575061940.002495, 1575061941.2859805, 1575061942.9030018, 1575061944.4832346, 1575061946.7371535, 1575061948.5210547, 1575061950.3569646, 1575061951.92747, 1575061953.6467419, 1575061955.0560658, 1575061960.5374644, 1575061964.910455, 1575061979.3976653, 1575061986.8085418, 1575061995.4085445, 1575062000.120651, 1575062008.3361373, 1575062012.0673418, 1575062015.4346662, 1575062019.2536762, 1575062022.195528, 1575062025.8963115, 1575062028.5406802, 1575062032.0443258, 1575062034.9608784, 1575062037.8896394, 1575062040.5442739, 1575062042.5412831, 1575062044.3931532, 1575062046.2007422, 1575062047.995465, 1575062049.9897938, 1575062051.6336854, 1575062053.928753, 1575062056.403043, 1575062060.2574031, 1575062063.966775, 1575062067.8211956, 1575062070.2586334, 1575062073.8263211, 1575062076.6177387, 1575062079.7322903, 1575062086.3982038, 1575062091.357277, 1575062094.5874689, 1575062097.2544987, 1575062100.341513, 1575062103.7172039, 1575062106.191381, 1575062108.6169128, 1575062111.047645, 1575062112.7319195, 1575062114.4702387, 1575062116.2095103, 1575062117.930655, 1575062119.6157777, 1575062121.292239, 1575062122.7568934, 1575062124.0527372, 1575062126.2595546, 1575062127.5808961, 1575062129.424247, 1575062130.9234028, 1575062132.8692634, 1575062134.4572592, 1575062136.2803578, 1575062138.4998846, 1575062140.6115365, 1575062143.2089562, 1575062145.8921728, 1575062149.036406, 1575062152.9237761, 1575062156.071424, 1575062159.361139, 1575062162.2410412, 1575062166.5528135, 1575062176.9617772, 1575062185.8501158, 1575062190.5140398, 1575062195.7270062, 1575062200.619949, 1575062204.2187734, 1575062207.9824088, 1575062210.8499746, 1575062213.7936711, 1575062215.7565224, 1575062217.706738, 1575062219.2690482, 1575062221.6152434, 1575062223.3476746, 1575062225.6587696, 1575062227.5965729, 1575062229.132844, 1575062230.8859308, 1575062233.4645045, 1575062236.768765, 1575062240.7949378, 1575062244.003289, 1575062247.284343, 1575062249.7721272, 1575062252.1926992, 1575062254.9404907, 1575062257.7175753, 1575062261.915647, 1575062265.73543, 1575062269.8032503, 1575062271.7533338, 1575062273.61499, 1575062275.2432015, 1575062277.0640981, 1575062278.7503586, 1575062280.1598206, 1575062282.0361714, 1575062283.6703362, 1575062285.6230779, 1575062287.1769588, 1575062288.7570848, 1575062290.5580995, 1575062292.1469526, 1575062294.1455033, 1575062296.1595461, 1575062298.1620936, 1575062300.1623726, 1575062302.2060354, 1575062304.0416477, 1575062306.96982, 1575062311.185794, 1575062314.2660487, 1575062317.0703762, 1575062320.6000838, 1575062324.8340728, 1575062327.938689, 1575062331.8138728, 1575062336.3263109, 1575062339.3723898, 1575062342.4094317, 1575062345.651191, 1575062347.8674822, 1575062349.8493207, 1575062351.6409438, 1575062353.5166519, 1575062355.6623814, 1575062357.9154575, 1575062359.6617277, 1575062361.888352, 1575062364.7602987, 1575062367.194879, 1575062369.6420908, 1575062373.1142468, 1575062376.890026, 1575062379.916298, 1575062384.5591588, 1575062388.6291113, 1575062392.0541055, 1575062395.6394637, 1575062399.9518125, 1575062403.3228188, 1575062406.8891642, 1575062411.5920188, 1575062416.6941984, 1575062420.156707, 1575062422.5490327, 1575062424.6011412, 1575062426.4343467, 1575062428.4407258, 1575062430.447258, 1575062432.2117524, 1575062433.9778528, 1575062435.5214088, 1575062437.1339548, 1575062439.0882013, 1575062441.235772, 1575062443.3959513, 1575062444.9639392, 1575062446.7387307, 1575062449.3291383, 1575062451.098064, 1575062452.905889, 1575062455.8881881, 1575062459.0909476, 1575062461.6820688, 1575062464.249065, 1575062466.7988827, 1575062470.2960315, 1575062473.7673485, 1575062476.981608, 1575062481.9887323, 1575062485.3600302, 1575062489.8899212, 1575062493.865074, 1575062496.8494089, 1575062501.7704837, 1575062504.7497156, 1575062508.1860118, 1575062511.7800863, 1575062515.5711055, 1575062519.5875728, 1575062523.0263388, 1575062526.0059803, 1575062528.3853185, 1575062531.5751915, 1575062534.0069408, 1575062535.6498682, 1575062537.7758296, 1575062539.5173516, 1575062540.9513733, 1575062542.5646656, 1575062544.551193, 1575062546.1459854, 1575062547.7544641, 1575062549.36672, 1575062551.1498065, 1575062552.753052, 1575062554.3934917, 1575062556.178478, 1575062558.007442, 1575062559.5753992, 1575062561.1742842, 1575062562.7863967, 1575062564.3513975, 1575062565.937957, 1575062568.1543021, 1575062570.0422103, 1575062571.8348145, 1575062574.4223936, 1575062576.2098472, 1575062577.8242626, 1575062579.6154287, 1575062581.029218, 1575062583.4971666, 1575062585.1282058, 1575062586.7371566, 1575062588.3601913, 1575062590.1945891, 1575062591.78912, 1575062593.3955715, 1575062595.0114393, 1575062596.7891686, 1575062598.725123, 1575062600.5418415, 1575062602.6779017, 1575062604.7968879, 1575062606.8221517, 1575062608.2674606, 1575062609.904932, 1575062611.5147727, 1575062613.3438668], "episode_lengths": [10, 10, 8, 16, 30, 12, 9, 10, 10, 9, 11, 8, 11, 9, 10, 10, 13, 10, 12, 19, 63, 30, 10, 9, 10, 9, 10, 10, 13, 9, 9, 10, 10, 10, 12, 9, 11, 9, 10, 9, 9, 9, 10, 9, 10, 9, 10, 8, 10, 9, 11, 11, 11, 8, 10, 10, 9, 9, 12, 12, 9, 13, 9, 9, 11, 12, 10, 10, 10, 10, 8, 9, 10, 10, 14, 9, 9, 9, 10, 10, 9, 10, 9, 8, 9, 9, 8, 10, 10, 13, 11, 10, 10, 10, 9, 29, 26, 76, 39, 46, 27, 45, 20, 19, 19, 16, 20, 15, 20, 12, 14, 15, 10, 10, 10, 9, 10, 10, 13, 13, 19, 20, 21, 14, 20, 16, 18, 37, 27, 18, 15, 17, 19, 14, 14, 14, 10, 10, 10, 10, 10, 10, 9, 8, 13, 8, 11, 9, 11, 9, 10, 12, 12, 14, 15, 17, 21, 17, 18, 16, 24, 56, 48, 25, 27, 26, 20, 21, 16, 16, 11, 11, 9, 13, 10, 13, 11, 9, 10, 14, 18, 22, 18, 18, 14, 13, 15, 15, 22, 20, 21, 11, 10, 9, 10, 9, 8, 10, 9, 11, 9, 9, 10, 9, 11, 11, 11, 11, 11, 10, 15, 20, 16, 15, 19, 22, 16, 17, 17, 13, 15, 15, 11, 10, 10, 10, 9, 10, 9, 10, 13, 10, 13, 17, 20, 16, 25, 22, 18, 18, 23, 18, 19, 24, 26, 14, 13, 11, 10, 11, 11, 10, 10, 9, 9, 11, 12, 12, 9, 10, 13, 10, 10, 14, 16, 14, 14, 14, 18, 18, 17, 25, 18, 23, 21, 16, 26, 16, 17, 19, 20, 21, 18, 16, 13, 17, 13, 9, 11, 9, 8, 9, 11, 9, 9, 9, 10, 9, 9, 10, 10, 9, 9, 9, 9, 9, 11, 10, 10, 14, 10, 9, 10, 8, 13, 9, 9, 9, 10, 9, 9, 9, 10, 9, 9, 11, 10, 10, 8, 9, 9, 9],