{"initial_reset_timestamp": 1574266025.958464, "timestamps": [1574266037.6600049, 1574266047.7161572], "episode_lengths": [171, 131], "episode_rewards": [-1013.7808228757998, -797.7936974639463], "episode_types": ["t", "t", "t"]}