{"episode_rewards": [-1.001, -1.0, -1.0, -1.008, -1.0, -1.002, -1.003, -1.0, -1.0, -1.002, -1.0, -1.0, -1.003, -1.0, -1.0, -1.0, -1.0, -1.0, -1.0, -1.0, -1.0, -1.0, -1.0, -1.0, -1.0, -1.0, -1.0, -1.003, 0.9299999999999999, -1.0, -1.004, -1.004, -1.0, -1.002, -1.002, 0.972, -1.0, -1.0, -1.0, -1.0, -1.001, -1.0, -1.0, -1.024, -1.002, -1.0, -1.0, -1.0, -1.0, -1.003, 0.988, -1.005, -1.0, -1.002, 0.997, -1.0, -1.004, -1.0, -1.061, 0.961, -1.009, 0.984, -1.001, 0.994, -1.001, -1.0, -1.001, -1.0, -1.001, -1.001, -1.0, -1.0, -1.0, 0.993, -1.0, -1.001, -1.0, -1.0, -1.0, -1.005, -1.001, 0.97, -1.0, -1.0, -1.0, -1.0, -1.002, -1.0, -1.011, -1.0, -1.0, -1.0, -1.0, -1.0, -1.031, -1.0, -1.0, -1.0, -1.0, -1.0, -1.0], "initial_reset_timestamp": 1569940014.5341432, "episode_lengths": [2, 1, 1, 9, 1, 3, 4, 1, 1, 3, 1, 1, 4, 1, 1, 1, 1, 1, 1, 1, 1, 1, 1, 1, 1, 1, 1, 4, 71, 1, 5, 5, 1, 3, 3, 29, 1, 1, 1, 1, 2, 1, 1, 25, 3, 1, 1, 1, 1, 4, 13, 6, 1, 3, 4, 1, 5, 1, 62, 40, 10, 17, 2, 7, 2, 1, 2, 1, 2, 2, 1, 1, 1, 8, 1, 2, 1, 1, 1, 6, 2, 31, 1, 1, 1, 1, 3, 1, 12, 1, 1, 1, 1, 1, 32, 1, 1, 1, 1, 1, 1], "episode_types": ["t", "t", "t", "t", "t", "t", "t", "t", "t", "t", "t", "t", "t", "t", "t", "t", "t", "t", "t", "t", "t", "t", "t", "t", "t", "t", "t", "t", "t", "t", "t", "t", "t", "t", "t", "t", "t", "t", "t", "t", "t", "t", "t", "t", "t", "t", "t", "t", "t", "t", "t", "t", "t", "t", "t", "t", "t", "t", "t", "t", "t", "t", "t", "t", "t", "t", "t", "t", "t", "t", "t", "t", "t", "t", "t", "t", "t", "t", "t", "t", "t", "t", "t", "t", "t", "t", "t", "t", "t", "t", "t", "t", "t", "t", "t", "t", "t", "t", "t", "t", "t"], "timestamps": [1569940014.5343804, 1569940014.5345273, 1569940014.5346467, 1569940014.5352137, 1569940014.5353374, 1569940014.5355153, 1569940014.535743, 1569940014.5358274, 1569940014.535904, 1569940014.5360193, 1569940014.5360973, 1569940014.536171, 1569940014.5363505, 1569940014.5364258, 1569940014.536498, 1569940014.5365694, 1569940014.5366318, 1569940014.536706, 1569940014.5367785, 1569940014.5368497, 1569940014.5369205, 1569940014.5369914, 1569940014.5370626, 1569940014.5371342, 1569940014.5372052, 1569940014.537277, 1569940014.5373492, 1569940014.5375202, 1569940014.5421658, 1569940014.542287, 1569940014.542685, 1569940014.5430052, 1569940014.5431445, 1569940014.5434422, 1569940014.5437138, 1569940014.5456674, 1569940014.545822, 1569940014.545974, 1569940014.5461051, 1569940014.5462496, 1569940014.546469, 1569940014.5466003, 1569940014.5467377, 1569940014.548762, 1569940014.5490751, 1569940014.549221, 1569940014.5493653, 1569940014.5495021, 1569940014.5496318, 1569940014.549947, 1569940014.5509508, 1569940014.5513415, 1569940014.5514777, 1569940014.5517719, 1569940014.5521624, 1569940014.5523012, 1569940014.5526106, 1569940014.552728, 1569940014.5572066, 1569940014.5600798, 1569940014.5607586, 1569940014.5620537, 1569940014.5622234, 1569940014.5627348, 1569940014.5629427, 1569940014.5630264, 1569940014.563147, 1569940014.5632293, 1569940014.5633385, 1569940014.5634482, 1569940014.563528, 1569940014.5635934, 1569940014.5636756, 1569940014.5640528, 1569940014.5641448, 1569940014.5642598, 1569940014.5643394, 1569940014.5644155, 1569940014.5644906, 1569940014.5647411, 1569940014.5648623, 1569940014.5661354, 1569940014.5662293, 1569940014.5663164, 1569940014.5664012, 1569940014.5664923, 1569940014.5666373, 1569940014.5667183, 1569940014.567239, 1569940014.5673268, 1569940014.5674095, 1569940014.5674918, 1569940014.5675719, 1569940014.5676513, 1569940014.568941, 1569940014.5690262, 1569940014.569107, 1569940014.5691874, 1569940014.5692675, 1569940014.5693471, 1569940015.7542913]}